{"qubit":{"0":4,"1":28,"2":29,"3":30,"4":31},"fit_a":{"0":0.0,"1":0.0148083447,"2":0.0,"3":0.000000001,"4":0.5},"fit_b":{"0":1.0008499401,"1":0.9844548296,"2":1.0013636787,"3":1.0000589841,"4":0.4964936432},"fit_p":{"0":0.999872168,"1":0.9998738536,"2":0.9998885384,"3":0.9998952182,"4":0.9997649962},"depths":{"0":[1,10,100,1000],"1":[1,10,100,1000],"2":[1,10,100,1000],"3":[1,10,100,1000],"4":[1,10,100,1000]},"success_probs_by_depth":{"0":[[0.99,1.0,1.0],[0.99,1.0,1.0,1.0],[0.99,1.0,0.99,1.0],[0.84,0.92,0.86,0.9]],"1":[[1.0,0.99,1.0],[1.0,1.0,1.0,1.0],[0.99,0.99,1.0,0.97],[0.92,0.89,0.82,0.9]],"2":[[1.0,1.0,1.0],[1.0,0.99,0.99,1.0],[1.0,1.0,1.0,0.99],[0.89,0.87,0.91,0.91]],"3":[[1.0,0.99,1.0],[1.0,1.0,1.0,0.99],[1.0,0.98,1.0,1.0],[0.92,0.87,0.88,0.93]],"4":[[0.99,1.0,1.0],[1.0,0.99,1.0,0.99],[0.99,0.96,1.0,0.99],[0.86,0.91,0.9,0.9]]}}