{"qubit_pair":{"0":[2,6],"1":[2,6],"2":[13,28],"3":[13,28],"4":[12,26],"5":[12,26],"6":[23,28],"7":[23,28],"8":[6,19],"9":[6,19],"10":[2,6],"11":[2,6]},"two_qubit_gate_ratio":{"0":0.25,"1":0.75,"2":0.25,"3":0.75,"4":0.25,"5":0.75,"6":0.25,"7":0.75,"8":0.25,"9":0.75,"10":0.25,"11":0.75},"fit_a":{"0":0.25,"1":0.25,"2":0.25,"3":0.25,"4":0.25,"5":0.25,"6":0.25,"7":0.25,"8":0.25,"9":0.25,"10":0.25,"11":0.25},"fit_b":{"0":0.7086332612,"1":0.7178142682,"2":0.6917286849,"3":0.7195752277,"4":0.7057893172,"5":0.727473271,"6":0.7055932064,"7":0.7086478279,"8":0.586773957,"9":0.6117874448,"10":0.7080734412,"11":0.7164202784},"fit_p":{"0":0.9959103117,"1":0.9943865066,"2":0.9982843259,"3":0.9972370668,"4":0.996578989,"5":0.9923960487,"6":0.9976987182,"7":0.996853377,"8":0.9982978456,"9":0.9967855115,"10":0.9956594317,"11":0.9945279628},"depths":{"0":[1,112,223,334,445,556,667,778,889,1000],"1":[1,112,223,334,445,556,667,778,889,1000],"2":[1,5,22,100],"3":[1,5,22,100],"4":[1,5,22,100],"5":[1,5,22,100],"6":[1,5,22,100],"7":[1,5,22,100],"8":[1,5,22,100],"9":[1,5,22,100],"10":[1,112],"11":[1,112]},"success_probs_by_depth":{"0":[[0.91,0.96,0.96,0.99],[0.62,0.67,0.77,0.68],[0.57,0.48,0.59,0.6],[0.49,0.38,0.47,0.37],[0.54,0.33,0.28,0.37],[0.35,0.3,0.35,0.3],[0.34,0.23,0.27,0.21],[0.14,0.34,0.2,0.22],[0.3,0.25,0.23,0.36],[0.3,0.3,0.29,0.25]],"1":[[0.97,0.97,0.97,0.94],[0.71,0.61,0.58,0.65],[0.43,0.46,0.51,0.45],[0.3,0.29,0.26,0.46],[0.31,0.29,0.24,0.4],[0.38,0.19,0.22,0.3],[0.27,0.28,0.22,0.34],[0.42,0.34,0.31,0.36],[0.3,0.17,0.19,0.25],[0.38,0.28,0.21,0.15]],"2":[[0.96,0.96,0.88,0.86],[0.98,1.0,0.91,0.94],[0.92,0.93,0.87,0.97],[0.85,0.79,0.83,0.85]],"3":[[0.97,0.98,0.99,0.97],[0.99,0.99,0.87,0.93],[0.94,0.94,0.95,0.9],[0.88,0.72,0.84,0.74]],"4":[[0.97,0.97,0.89,0.94],[0.92,0.99,0.89,0.95],[0.96,0.91,0.9,0.94],[0.69,0.81,0.74,0.74]],"5":[[0.93,0.99,0.99,0.97],[0.94,0.95,0.92,0.92],[0.88,0.92,0.88,0.89],[0.52,0.52,0.68,0.6]],"6":[[1.0,0.98,0.87,0.87],[0.99,0.99,0.93,0.92],[0.98,0.94,0.86,0.98],[0.86,0.78,0.87,0.71]],"7":[[0.97,1.0,0.99,0.96],[0.96,0.98,0.86,0.98],[0.91,0.93,0.94,0.75],[0.82,0.78,0.84,0.66]],"8":[[0.76,0.83,0.82,0.84],[0.74,0.96,0.7,0.85],[0.7,0.93,0.86,0.99],[0.91,0.74,0.76,0.52]],"9":[[0.77,1.0,0.98,0.88],[0.99,0.77,0.62,0.71],[0.96,0.94,0.7,0.83],[0.6,0.67,0.8,0.68]],"10":[[0.91,0.96,0.96,0.99],[0.62,0.67,0.77,0.68]],"11":[[0.97,0.97,0.97,0.94],[0.71,0.61,0.58,0.65]]},"truncated":{"0":false,"1":false,"2":false,"3":false,"4":false,"5":false,"6":false,"7":false,"8":false,"9":false,"10":true,"11":true}}