{"0": 3.3806733867736014, "1": 3.4056295692917886, "2": 3.4086774477037114, "3": 3.430978105318807, "4": 3.43153369099316, "5": 3.4439336596655123, "6": 3.4535123555312977, "7": 3.4666331185790638, "8": 3.480105720003162, "9": 3.4945934305138837, "10": 3.509431004575668, "11": 3.5249673457205786, "12": 3.541303468827431, "13": 3.5576106796118205, "14": 3.5742979126763945, "15": 3.591349176573674, "16": 3.607782211141133, "17": 3.6245901688429627, "18": 3.6415330046065115, "19": 3.6581783724349752, "20": 3.6747579179596914, "21": 3.6907968452701043, "22": 3.706764300157049, "23": 3.7224964060062455, "24": 3.737224017379392, "25": 3.7518782657256162, "26": 3.765944679122179, "27": 3.7792447601861716, "28": 3.791585614184828, "29": 3.8033744357288484, "30": 3.814243938521118, "31": 3.824343568802022, "32": 3.832746812693036, "33": 3.8400804773094896, "34": 3.846782598117967, "35": 3.8536603252648245}